checkpoint,I2T_R@1,T2I_R@1,I2T_R@5,T2I_R@5,I2T_R@10,T2I_R@10,I2T_median_rank,T2I_median_rank
epoch=5-step=22000-train_loss=2.7676.ckpt,68.79026485325699,69.72083035075161,87.54473872584109,88.18897637795276,92.1259842519685,92.77022190408017,1.0,1.0
epoch=5-step=23500-train_loss=2.7556.ckpt,68.71868289191124,69.79241231209735,87.47315676449534,88.04581245526127,92.1259842519685,92.69863994273443,1.0,1.0
epoch=6-step=26000-train_loss=2.7417.ckpt,68.86184681460271,69.79241231209735,87.18682891911239,87.83106657122406,92.1259842519685,92.91338582677166,1.0,1.0
last.ckpt,68.50393700787401,68.57551896921976,87.25841088045813,87.54473872584109,91.55332856120258,92.62705798138869,1.0,1.0
